,link
Article 1,https://www.channelnewsasia.com/business/country-garden-debt-deal-extend-payment-bond-china-3781736
Article 2,https://www.channelnewsasia.com/commentary/china-property-crisis-country-garden-evergrande-economy-travel-tourism-3773251
Article 3,https://www.channelnewsasia.com/asia/china-economic-data-breakdown-shows-life-doom-and-gloom-outlook-property-youth-unemployment-3772636
Article 4,https://www.channelnewsasia.com/cna-insider/china-youth-unemployment-jobless-degree-masters-holder-economy-3755506
Article 5,https://www.channelnewsasia.com/commentary/china-hukou-system-urban-rural-divide-economy-migrant-jobs-education-3752966
Article 6,https://www.channelnewsasia.com/asia/china-economic-data-breakdown-shows-life-doom-and-gloom-outlook-property-youth-unemployment-3772636
Article 7,https://www.channelnewsasia.com/business/why-china-response-economic-challenges-not-working-3752546
Article 8,https://www.channelnewsasia.com/asia/china-property-real-estate-sector-financial-woes-ripple-through-wider-economy-billions-owed-businesses-workers-construction-housing-bubble-3752616
Article 9,https://www.channelnewsasia.com/business/china-ramps-economic-support-country-garden-vote-looms-3739501
Article 10,https://www.channelnewsasia.com/business/marketmind-asia-kicks-september-eyes-beijing-3739266
Article 11,https://www.channelnewsasia.com/business/cna-explains-china-property-developer-country-garden-crisis-how-worried-should-world-be-3737226
Article 12,https://www.channelnewsasia.com/business/china-property-crisis-evergrande-country-garden-suppliers-3736586
Article 13,https://www.channelnewsasia.com/business/chinese-cities-ease-mortgage-rules-bid-revive-property-sector-3733896
Article 14,https://www.channelnewsasia.com/business/china-new-home-prices-growth-likely-flat-2023-dragging-economy-poll-3729291
Article 15,https://www.channelnewsasia.com/business/china-should-stick-houses-are-living-not-speculation-state-media-3717996
Article 16,https://www.channelnewsasia.com/asia/china-property-crisis-economy-financial-system-3717636
Article 17,https://www.channelnewsasia.com/asia/china-country-garden-property-woes-unpaid-workers-3717611
Article 18,https://www.channelnewsasia.com/asia/johor-country-garden-forest-city-property-crisis-debt-china-3715791
Article 19,https://www.channelnewsasia.com/business/china-property-crisis-country-garden-debt-restructuring-home-sales-3705161
Article 20,https://www.channelnewsasia.com/asia/china-property-turmoil-homebuyers-wait-housing-downturn-3704696
Article 21,https://www.channelnewsasia.com/business/country-garden-china-property-crisis-five-star-living-smaller-cities-3702746
Article 22,https://www.channelnewsasia.com/commentary/china-property-crisis-country-garden-evergrande-debt-3700306
Article 23,https://www.channelnewsasia.com/business/chinas-central-bank-guide-more-financial-resources-support-private-sector-3675571
Article 24,https://www.channelnewsasia.com/business/china-vows-lower-business-financing-costs-support-property-sector-h2-3669726
Article 25,https://www.channelnewsasia.com/business/china-new-home-prices-fall-third-month-july-survey-3668391
Article 26,https://www.channelnewsasia.com/business/analysiswords-only-go-so-far-investors-want-property-fixed-buying-china-3666191
Article 27,https://www.channelnewsasia.com/business/chinas-state-council-issues-measures-expand-consumption-3665951
Article 28,https://www.channelnewsasia.com/business/chinas-biggest-cities-vow-introduce-steps-boost-property-sector-3665916
Article 29,https://www.channelnewsasia.com/business/chinas-housing-minister-urges-efforts-strengthen-property-recovery-3660551
Article 30,https://www.channelnewsasia.com/business/concern-mounts-over-chinas-wanda-commercial-rating-firms-sound-default-warnings-3642111
Article 31,https://www.channelnewsasia.com/business/china-ghost-town-mansions-shenyang-farmers-property-market-abandoned-3641736
Article 32,https://www.channelnewsasia.com/asia/china-housing-crisis-rent-costs-living-rv-3641731
Article 33,https://www.channelnewsasia.com/business/china-june-new-home-prices-flat-weakest-showing-year-3630816
Article 34,https://www.channelnewsasia.com/business/china-central-bank-use-tools-such-rrr-tackle-economic-woes-3628671
Article 35,https://www.channelnewsasia.com/business/china-new-home-prices-edge-down-june-second-consecutive-month-3599571
Article 36,https://www.channelnewsasia.com/business/china-considers-broad-stimulus-property-support-rate-cuts-bloomberg-news-3558261
Article 37,https://www.channelnewsasia.com/business/chinas-property-shares-surge-investors-bet-stimulus-hopes-3541741
Article 38,https://www.channelnewsasia.com/business/china-plans-new-property-market-support-package-boost-economy-bloomberg-news-3533661
Article 39,https://www.channelnewsasia.com/business/chinas-new-home-prices-rise-slower-pace-april-3494001
Article 40,https://www.channelnewsasia.com/business/china-new-home-prices-slightly-april-less-cities-post-gains-survey-3456306
Article 41,https://www.channelnewsasia.com/business/china-completes-landmark-national-real-estate-registration-system-3442231
Article 42,https://www.channelnewsasia.com/business/china-land-sales-revenue-falls-slower-pace-march-3425816
Article 43,https://www.channelnewsasia.com/business/china-march-new-home-prices-rise-fastest-pace-21-months-3419716
Article 44,https://www.channelnewsasia.com/business/china-new-home-prices-rise-february-unsold-homes-cloud-outlook-3350841
Article 45,https://www.channelnewsasia.com/business/chinas-property-sector-draws-closer-exit-protracted-slump-3347946
Article 46,https://www.channelnewsasia.com/singapore/china-nationals-buying-property-singapore-housing-prices-3216596
Article 47,https://www.channelnewsasia.com/business/china-launches-pilot-scheme-boost-private-investment-real-estate-3291401
Article 48,https://www.channelnewsasia.com/business/chinese-cities-lower-or-scrap-floor-mortgage-rates-boost-demand-3249031
Article 49,https://www.channelnewsasia.com/asia/scmp-china-young-people-real-estate-property-population-3236066
Article 50,https://www.channelnewsasia.com/business/china-support-financing-debt-extension-quality-developers-xinhua-3203366
Article 51,https://www.channelnewsasia.com/business/chinas-resale-home-transactions-39-higher-jan-dec-private-survey-3201091
Article 52,https://www.channelnewsasia.com/business/china-establishes-mortgage-rate-adjustment-mechanism-some-home-buyers-3185366
Article 53,https://www.channelnewsasia.com/business/china-property-crisis-developers-debts-survival-layoffs-3182421
Article 54,https://www.channelnewsasia.com/business/china-evergrande-pledges-pay-debts-2023-restructuring-property-3179906
Article 55,https://www.channelnewsasia.com/business/china-home-prices-fall-faster-pace-december-private-survey-3177401
Article 56,https://www.channelnewsasia.com/business/china-property-stocks-surge-fundraising-support-covid-protests-cloud-demand-3107906
Article 57,https://www.channelnewsasia.com/business/china-central-bank-offer-cheap-loans-support-developers-bonds-3100466
Article 58,https://www.channelnewsasia.com/business/3-chinas-biggest-banks-provide-support-property-developers-3094986
Article 59,https://www.channelnewsasia.com/business/china-tells-banks-step-credit-support-economy-3089506
Article 60,https://www.channelnewsasia.com/business/chinas-property-prices-rise-2023-sales-fall-more-slowly-3083706
Article 61,https://www.channelnewsasia.com/business/china-property-developer-country-garden-offshore-debt-restructuring-payments-3833671
Article 62,https://www.channelnewsasia.com/business/china-property-developer-country-garden-offshore-payment-bond-debt-crisis-3831446
Article 63,https://www.channelnewsasia.com/business/wall-st-brokerages-raise-chinas-economic-growth-forecast-5-3823101
Article 64,https://www.channelnewsasia.com/business/analysisevergrande-crisis-tests-beijings-fallout-management-creditor-jitters-mount-3822951
Article 65,https://www.channelnewsasia.com/asia/china-property-crisis-economic-effect-evergrande-country-garden-debt-default-3822621
Article 66,https://www.channelnewsasia.com/business/japan-tokyo-property-prices-surging-unaffordable-housing-3820091
Article 67,https://www.channelnewsasia.com/business/china-evergrande-property-resume-trading-shares-debt-3816246
Article 68,https://www.channelnewsasia.com/commentary/hong-kong-shoebox-housing-property-price-john-lee-policy-address-3813856
Article 69,https://www.channelnewsasia.com/business/china-new-home-prices-tick-sept-ending-four-month-decline-survey-3812071
Article 70,https://www.channelnewsasia.com/business/chinas-evergrande-says-boss-suspected-crimes-after-trading-suspended-3806311
Article 71,https://www.channelnewsasia.com/business/chinese-home-buyers-halt-mortgage-payments-unfinished-projects-2809391
Article 72,https://www.channelnewsasia.com/business/china-will-introduce-tax-exemptions-and-cuts-affordable-housing-3805551
Article 73,https://www.channelnewsasia.com/asia/china-evergrande-debt-shares-suspended-hui-ka-yan-police-property-3804526
Article 74,https://www.channelnewsasia.com/business/chinas-central-bank-use-precise-forceful-policy-bolster-recovery-3801531
Article 75,https://www.channelnewsasia.com/business/chinas-housing-bubble-has-been-curbed-deputy-central-bank-governor-3321216
Article 76,https://www.channelnewsasia.com/business/china-property-price-fall-deepen-h1-rising-faster-2023-reuters-poll-3308426
Article 77,https://www.channelnewsasia.com/business/china-property-sectors-drag-economic-growth-2023-lower-2022-3210726
Article 78,https://www.channelnewsasia.com/business/chinas-2022-property-investment-falls-first-time-1999-3210561
Article 79,https://www.channelnewsasia.com/business/china-central-bank-maintain-or-increase-policy-loan-liquidity-reuters-poll-3203891
Article 80,https://www.channelnewsasia.com/business/china-property-shares-firm-more-policy-support-easing-curbs-3186986
Article 81,https://www.channelnewsasia.com/business/china-property-set-modest-demand-recovery-2023-policy-support-3186651
Article 82,https://www.channelnewsasia.com/business/china-provide-200-billion-yuan-loans-commercial-banks-housing-completions-3090456
Article 83,https://www.channelnewsasia.com/business/chinas-property-prices-rise-2023-sales-fall-more-slowly-3083706
Article 84,https://www.channelnewsasia.com/business/analysisreluctant-buyers-pose-main-threat-beijings-property-revival-efforts-3082571
Article 85,https://www.channelnewsasia.com/business/china-property-crisis-rental-housing-developers-debt-3076266
Article 86,https://www.channelnewsasia.com/business/chinas-home-prices-see-biggest-fall-7-years-recovery-bumpy-3075851
Article 87,https://www.channelnewsasia.com/business/chinas-most-comprehensive-rescue-package-property-sector-lifts-stocks-bonds-3069391
Article 88,https://www.channelnewsasia.com/business/chinas-new-home-prices-fall-second-month-weak-sentiment-3022346
Article 89,https://www.channelnewsasia.com/business/analysis-chinese-property-developers-tenterhooks-ahead-communist-party-congress-3007601
Article 90,https://www.channelnewsasia.com/business/chinese-localities-buy-homes-work-down-high-housing-inventory-3005911
Article 91,https://www.channelnewsasia.com/cna-insider/human-suffering-china-property-crisis-mortgage-boycott-evergrande-2976461
Article 92,https://www.channelnewsasia.com/business/chinas-property-woes-deepen-aug-prices-sales-and-investment-drop-2942796
Article 93,https://www.channelnewsasia.com/business/guangzhou-permits-huge-house-price-cuts-first-among-chinas-biggest-cities-2939876
Article 94,https://www.channelnewsasia.com/business/almost-70-chinese-cities-report-falling-home-prices-most-2020-2914831
Article 95,https://www.channelnewsasia.com/business/china-meet-reasonable-financing-demand-property-developers-2876871
Article 96,https://www.channelnewsasia.com/business/property-developers-chinas-hefei-urge-curb-malicious-protests-2876446
Article 97,https://www.channelnewsasia.com/asia/china-property-crisis-middle-class-huge-loans-2835411
Article 98,https://www.channelnewsasia.com/commentary/china-mortgage-strike-property-crisis-developer-debt-evergrande-2826276
Article 99,https://www.channelnewsasia.com/commentary/china-mortgage-crisis-strike-property-default-evergrande-2813041
Article 100,https://www.channelnewsasia.com/business/china-expand-property-tax-trial-check-speculation-2264901
Article 101,https://www.channelnewsasia.com/commentary/china-housing-real-estate-property-market-gdp-growth-2512321
Article 102,https://www.channelnewsasia.com/business/beijing-focuses-low-cost-housing-new-land-supply-rental-homes-2525106
Article 103,https://www.channelnewsasia.com/business/chinas-property-market-expected-rebound-later-year-reuters-poll-2519036
Article 104,https://www.channelnewsasia.com/business/china-says-will-keep-real-estate-market-stable-year-2516276
Article 105,https://www.channelnewsasia.com/business/chinese-cities-ease-home-purchase-down-payments-reignite-demand-2506011
Article 106,https://www.channelnewsasia.com/business/china-cenbank-exclude-rental-housing-loans-management-system-2485706
Article 107,https://www.channelnewsasia.com/business/analysis-debt-fears-overshadow-chinas-infrastructure-push-fight-economic-slowdown-2463736
Article 108,https://www.channelnewsasia.com/business/exclusive-china-drafts-rules-give-property-developers-more-access-escrow-funds-sources-2445276
Article 109,https://www.channelnewsasia.com/business/evergrande-debt-deliver-housing-units-buyers-2402426
Article 110,https://www.channelnewsasia.com/asia/china-beijing-covid19-outbreak-seal-mall-housing-complex-2306126
Article 111,https://www.channelnewsasia.com/commentary/china-growth-crisis-energy-shortage-evergrande-collapse-2269387
Article 112,https://www.channelnewsasia.com/business/ratings-agency-cuts-china-growth-forecast-property-woes-2196446
Article 113,https://www.channelnewsasia.com/business/troubled-developer-evergrande-resume-trading-warns-financial-obligations-2257381
Article 114,https://www.channelnewsasia.com/business/explainer-china-finally-ready-roll-out-property-tax-2254206
Article 115,https://www.channelnewsasia.com/business/analysis-china-likely-keep-property-curbs-despite-slowdown-may-soften-tactics-2244151
Article 116,https://www.channelnewsasia.com/commentary/evergrande-china-overreliance-housing-real-estate-growth-2212411
Article 117,https://www.channelnewsasia.com/commentary/evergrande-china-impact-implications-regulation-property-developers-common-prosperity-2209626
Article 118,https://www.channelnewsasia.com/business/china-asking-state-backed-firms-pick-evergrande-assets-sources-2207701
Article 119,https://www.channelnewsasia.com/business/evergrande-trust-bond-investment-interest-payment-2204071
Article 120,https://www.channelnewsasia.com/business/evergrande-china-developer-denies-bankruptcy-claims-2174986
Article 121,https://www.channelnewsasia.com/business/growth-chinas-home-prices-set-slow-2021-policy-curbs-reuters-poll-2136851
Article 122,https://www.channelnewsasia.com/business/china-home-price-property-market-slow-growth-july-2114971